0,0,0
1,4,0.0014
2,5,0.001825
3,12,0.0045375
4,14,0.0053125
5,17,0.0074125
6,24,0.0123125
7,29,0.0168125
8,33,0.0204125
9,34,0.0213125
10,39,0.0258125
11,41,0.0276125
12,44,0.0303125
13,50,0.0357125
14,54,0.0393125
15,57,0.0420125
16,64,0.0483125
17,65,0.0492125
18,72,0.0555125
19,74,0.0573125
20,77,0.0600125
21,81,0.0636125
22,84,0.0663125
23,89,0.0708125
24,93,0.0744125
25,94,0.0753125
26,96,0.0771125
27,101,0.0816125
28,135,0.1122125
29,140,0.1124
30,144,0.11555
31,149,0.119675
32,152,0.12215
33,154,0.1238
34,156,0.12545
35,161,0.1297625
36,164,0.13235
37,168,0.1358
38,174,0.140975
39,176,0.1427
40,184,0.1496
41,185,0.1504625
42,188,0.15305
43,194,0.158225
44,197,0.1608125
45,200,0.1634
46,204,0.16685
47,210,0.172025
48,212,0.17375
49,290,0.241025
50,294,0.244475
51,297,0.2470625
52,299,0.2487875
53,302,0.2514875
54,306,0.2550875
55,307,0.2559875
56,356,0.3000875
57,359,0.3027875
58,360,0.3036875
59,363,0.3063875
60,425,0.3621875
61,429,0.3657875
62,431,0.3675875
63,432,0.3684875
64,437,0.3718
65,441,0.37445
66,444,0.3764375
67,449,0.3801875
68,451,0.3817625
69,453,0.3833375
70,456,0.3857
71,461,0.38945
72,512,0.4296125
73,515,0.431975
74,519,0.435125
75,524,0.4390625
76,525,0.43985
77,527,0.441425
78,535,0.447425
79,536,0.4482125
80,542,0.4529375
81,545,0.4553
82,548,0.45755
83,551,0.4598
84,555,0.46295
85,560,0.4668875
86,563,0.46925
87,565,0.470825
88,567,0.4724
89,602,0.4999625
90,605,0.502325
91,606,0.5031125
92,609,0.505475
93,660,0.5456375
94,663,0.548
95,668,0.5519375
96,672,0.5555375
97,673,0.5564375
98,680,0.5627375
99,683,0.5637875
100,684,0.564575
101,687,0.5669375
102,693,0.5716625
103,743,0.6110375
104,748,0.614975
105,752,0.618125
106,755,0.6204875
107,758,0.62285
108,764,0.627575
109,767,0.6299375
110,768,0.630725
111,776,0.637025
112,778,0.638525
113,782,0.641525
114,788,0.646475
115,792,0.649625
116,798,0.65435
117,808,0.662225
118,821,0.67295
119,957,0.78515
120,959,0.786325
121,960,0.7869125
122,968,0.7935125
123,970,0.7948375
124,975,0.79815
125,980,0.8014625
126,983,0.80345
127,1016,0.8253125
128,1017,0.825975
129,1019,0.827225
130,1023,0.830525
131,1026,0.833
132,1027,0.833825
133,1035,0.840425
134,1038,0.8429
135,1047,0.850325
136,1048,0.85115
137,1050,0.852725
138,1058,0.859025
139,1059,0.8598125
140,1062,0.862175
141,1068,0.8669
142,1071,0.8692625
143,1074,0.871625
144,1078,0.874775
145,1083,0.878525
146,1088,0.882275
147,1095,0.887525
148,1098,0.89
149,1107,0.897425
150,1108,0.898175
151,1110,0.899675
152,1118,0.905675
153,1119,0.90595
154,1122,0.906775
155,1128,0.908425
156,1131,0.90925
157,1136,0.910625
158,1138,0.911175
159,1145,0.9131
160,1146,0.913375
161,1148,0.913925
162,1155,0.91585
163,1158,0.916675
164,1167,0.91915
165,1168,0.919425
166,1170,0.919975
167,1178,0.922175
168,1179,0.92245
169,1182,0.923275
170,1188,0.924925
171,1191,0.92575
172,1194,0.926575
173,1198,0.927675
174,1206,0.929875
175,1208,0.930425
176,1215,0.93235
177,1218,0.933175
178,1227,0.93565
179,1228,0.935925
180,1230,0.936475
181,1238,0.938675
182,1239,0.93895
183,1242,0.939775
184,1249,0.9417
185,1254,0.943075
186,1259,0.94445
187,1263,0.94555
188,1269,0.9472
189,1275,0.94885
190,1278,0.949675
191,1279,0.94995
192,1287,0.95215
193,1289,0.9527
194,1290,0.952975
195,1299,0.95545
196,1301,0.956
197,1302,0.956275
198,1308,0.957925
199,1309,0.9582
200,1311,0.95875
201,1314,0.959575
202,1319,0.96095
203,1325,0.9626
204,1326,0.962875
205,1329,0.9637
206,1331,0.96425
207,1335,0.96535
208,1339,0.96645
209,1347,0.96865
210,1349,0.9692
211,1350,0.969475
212,1359,0.97195
213,1362,0.972775
214,1369,0.9747
215,1371,0.97525
216,1374,0.976075
217,1379,0.97745
218,1383,0.97855
219,1386,0.979375
220,1389,0.9802
221,1395,0.98185
222,1398,0.982675
223,1399,0.98295
224,1407,0.98515
225,1409,0.9857
226,1410,0.985975
227,1419,0.98845
228,1422,0.989275
229,1429,0.9912
230,1431,0.99175
231,1434,0.992575
232,1439,0.99395
233,1443,0.99505
234,1446,0.995875
235,1449,0.9967
236,1455,0.99835
237,1460,0.999725
238,1494,1.009075
239,1499,1.01045
240,1500,1.010725
241,1502,1.011275
242,1506,1.012375
243,1510,1.013475
244,1511,1.01375
245,1514,1.014575
246,1520,1.016225
247,1523,1.01705
248,1526,1.017875
249,1530,1.018975
250,1535,1.02035
251,1538,1.021175
252,1540,1.021725
253,1542,1.022275
254,1547,1.026775
255,1550,1.029475
256,1554,1.033075
257,1559,1.0373875
258,1560,1.03825
259,1562,1.039975
260,1566,1.043125
261,1570,1.046725
262,1571,1.047625
263,1581,1.056625
264,1595,1.069225
265,1599,1.072825
266,1605,1.072825
267,1607,1.0736
268,1613,1.075925
269,1614,1.0763125
270,1615,1.0763875
271,1619,1.0798375
272,1622,1.082425
273,1625,1.0850125
274,1626,1.08595
275,1631,1.0906375
276,1634,1.093
277,1636,1.094575
278,1643,1.1000875
279,1646,1.102675
280,1650,1.106125
281,1656,1.1113
282,1670,1.119525
283,1677,1.1236375
284,1680,1.1254
285,1685,1.12815
286,1689,1.13035
287,1690,1.1309
288,1697,1.136675
289,1700,1.1384375
290,1703,1.1402
291,1706,1.1419625
292,1709,1.1436125
293,1710,1.1445125
294,1713,1.1472125
295,1718,1.1517125
296,1720,1.1528125
297,1721,1.1537125
298,1725,1.1559125
299,1730,1.1586625
300,1733,1.1603125
301,1739,1.165262499
302,1740,1.1660875
303,1745,1.170212499
304,1749,1.1736625
305,1750,1.174524999
306,1760,1.183525
307,1761,1.184424999
308,1793,1.199224999
309,1796,1.200612499
310,1798,1.2024125
311,1800,1.2042125
312,1805,1.2083375
313,1808,1.2108125
314,1812,1.214112499
315,1817,1.218424999
316,1818,1.2192875
317,1820,1.221012499
318,1828,1.228212499
319,1829,1.2291125
320,1832,1.2318125
321,1836,1.235412499
322,1838,1.2372125
323,1841,1.2399125
324,1844,1.242612499
325,1848,1.2462125
326,1853,1.250525
327,1856,1.2531125
328,1858,1.254837499
329,1860,1.2565625
330,1865,1.260875
331,1868,1.2634625
332,1878,1.2720875
333,1892,1.2841625
334,1901,1.291924999
335,1902,1.2927875
336,1904,1.2945125
337,1912,1.3014125
338,1913,1.3021625
339,1916,1.3046375
340,1922,1.309587499
341,1928,1.314537499
342,1932,1.314687499
343,1970,1.3355875
344,1974,1.337787499
345,1975,1.338337499
346,2012,1.361462499
347,2016,1.363962499
348,2048,1.3839625
349,2049,1.384587499
350,2051,1.385762499
351,2055,1.389062499
352,2059,1.3923625
353,2091,1.4187625
354,2096,1.4228875
355,2097,1.423749999
356,2100,1.426337499
357,2103,1.428924999
358,2107,1.432375
359,2109,1.434099999
360,2112,1.4366875
361,2115,1.439275
362,2117,1.440999999
363,2124,1.447037499
364,2127,1.449737499
365,2132,1.454237499
366,2136,1.4578375
367,2137,1.457912499
368,2139,1.4580625
369,2147,1.4649625
370,2148,1.465824999
371,2151,1.468412499
372,2178,1.476849999
373,2184,1.478724999
374,2187,1.481199999
375,2190,1.483674999
376,2194,1.486974999
377,2199,1.490912499
378,2202,1.493387499
379,2204,1.4950375
380,2211,1.500812499
381,2214,1.502349999
382,2219,1.506099999
383,2223,1.5091
384,2224,1.509849999
385,2228,1.512849999
386,2234,1.517049999
387,2235,1.517749999
388,2238,1.520224999
389,2243,1.524349999
390,2244,1.525174999
391,2249,1.529299999
392,2254,1.529487499
393,2259,1.530862499
394,2264,1.534799999
395,2274,1.542675
396,2276,1.544325
397,2283,1.549224999
398,2284,1.549924999
399,2288,1.553074999
400,2294,1.557799999
401,2295,1.5585875
402,2300,1.562524999
403,2305,1.565649999
404,2307,1.566899999
405,2312,1.570024999
406,2315,1.572274999
407,2319,1.575275
408,2324,1.579212499
409,2325,1.58
410,2331,1.584949999
411,2335,1.588099999
412,2336,1.588887499
413,2343,1.594399999
414,2345,1.595974999
415,2348,1.598337499
416,2355,1.603849999
417,2360,1.607975
418,2365,1.6121
419,2367,1.613749999
420,2375,1.620349999
421,2381,1.625075
422,2384,1.6274375
423,2385,1.628262499
424,2391,1.633212499
425,2395,1.6365125
426,2396,1.637299999
427,2403,1.6428125
428,2405,1.6443875
429,2408,1.6468625
430,2415,1.652637499
431,2420,1.656574999
432,2425,1.660512499
433,2427,1.6620875
434,2432,1.6662125
435,2435,1.6686875
436,2439,1.671987499
437,2444,1.676112499
438,2445,1.676937499
439,2451,1.6818875
440,2455,1.685187499
441,2456,1.686012499
442,2463,1.691787499
443,2465,1.6934375
444,2468,1.695912499
445,2475,1.7016875
446,2480,1.705812499
447,2483,1.7082875
448,2485,1.709937499
449,2487,1.711587499
450,2492,1.715712499
451,2495,1.718187499
452,2499,1.721337499
453,2504,1.725274999
454,2505,1.7260625
455,2511,1.731012499
456,2515,1.734162499
457,2516,1.73495
458,2523,1.740462499
459,2525,1.742112499
460,2531,1.746837499
461,2536,1.750774999
462,2540,1.754075
463,2546,1.758799999
464,2552,1.763524999
465,2556,1.766825
466,2561,1.77095
467,2564,1.7733125
468,2566,1.774887499
469,2571,1.778824999
470,2576,1.782762499
471,2583,1.788275
472,2586,1.7906375
473,2595,1.797724999
474,2596,1.7985125
475,2600,1.801662499
476,2606,1.806387499
477,2607,1.807175
478,2612,1.811112499
479,2616,1.814412499
480,2626,1.8222875
481,2627,1.823074999
482,2636,1.830162499
483,2643,1.835674999
484,2646,1.838149999
485,2648,1.839724999
486,2655,1.845237499
487,2656,1.846025
488,2660,1.849174999
489,2666,1.8539
490,2667,1.854687499
491,2672,1.858625
492,2676,1.861774999
493,2679,1.864137499
494,2686,1.869649999
495,2691,1.873587499
496,2696,1.877525
497,2703,1.883037499
498,2706,1.885399999
499,2708,1.886974999
500,2715,1.8924875
501,2716,1.893274999
502,2720,1.896425
503,2726,1.901149999
504,2727,1.901937499
505,2732,1.905874999
506,2737,1.909812499
507,2739,1.9113875
508,2744,1.915325
509,2747,1.9176875
510,2751,1.920837499
511,2756,1.924774999
512,2757,1.925562499
513,2763,1.9302875
514,2767,1.933437499
515,2768,1.934224999
516,2775,1.939737499
517,2777,1.9413125
518,2780,1.943674999
519,2787,1.9491875
520,2792,1.953124999
521,2797,1.957062499
522,2799,1.958637499
523,2804,1.962574999
524,2807,1.964937499
525,2811,1.968087499
526,2817,1.9728125
527,2823,1.977537499
528,2827,1.980687499
529,2828,1.981475
530,2835,1.986987499
531,2837,1.988562499
532,2840,1.990924999
533,2847,1.996437499
534,2852,2.000375
535,2857,2.0043125
536,2859,2.005887499
537,2864,2.009824999
538,2867,2.012187499
539,2871,2.0153375
540,2876,2.019275
541,2877,2.020062499
542,2879,2.0216375
543,2887,2.0279375
544,2888,2.028724999
545,2897,2.035812499
546,2900,2.038175
547,2907,2.043687499
548,2909,2.045262499
549,2912,2.047624999
550,2917,2.051562499
551,2919,2.0531375
552,2924,2.057074999
553,2931,2.062587499
554,2937,2.067312499
555,2946,2.0744
556,2947,2.075187499
557,2949,2.0767625
558,2996,2.113774999
559,2998,2.115349999
560,3003,2.119287499
561,3008,2.123225
562,3015,2.128737499
563,3018,2.131099999
564,3020,2.132674999
565,3027,2.1381875
566,3028,2.138974999
567,3032,2.142125
568,3038,2.146849999
569,3039,2.147637499
570,3045,2.152362499
571,3048,2.154725
572,3051,2.1570875
573,3056,2.161025
574,3058,2.162599999
575,3063,2.166537499
576,3078,2.17835
577,3080,2.179924999
578,3087,2.185437499
579,3088,2.186224999
580,3092,2.189374999
581,3098,2.194099999
582,3099,2.1948875
583,3104,2.198824999
584,3108,2.201974999
585,3111,2.204337499
586,3116,2.208274999
587,3118,2.20985
588,3123,2.213787499
589,3128,2.217724999
590,3135,2.223237499
591,3138,2.225599999
592,3140,2.227175
593,3148,2.233475
594,3158,2.241349999
595,3159,2.242137499
596,3164,2.246075
597,3168,2.249224999
598,3171,2.251587499
599,3176,2.255524999
600,3178,2.257099999
601,3183,2.2610375
602,3188,2.264975
603,3195,2.270487499
604,3198,2.272849999
605,3203,2.276787499
606,3207,2.2799375
607,3208,2.280724999
608,3212,2.283875
609,3218,2.2886
610,3219,2.289387499
611,3224,2.293324999
612,3228,2.296475
613,3231,2.2988375
614,3236,2.302774999
615,3239,2.3051375
616,3243,2.308287499
617,3248,2.312224999
618,3249,2.313012499
619,3255,2.3177375
620,3259,2.320887499
621,3267,2.327187499
622,3269,2.3287625
623,3273,2.331912499
624,3279,2.336637499
625,3284,2.340574999
626,3289,2.344512499
627,3296,2.350025
628,3299,2.352387499
629,3303,2.355537499
630,3308,2.359474999
631,3309,2.3602625
632,3315,2.364987499
633,3319,2.368137499
634,3320,2.368925
635,3327,2.374437499
636,3329,2.376012499
637,3332,2.378374999
638,3339,2.3838875
639,3344,2.387825
640,3349,2.3917625
641,3351,2.393337499
642,3356,2.397087499
643,3359,2.399337499
644,3368,2.4060875
645,3369,2.406837499
646,3371,2.4083375
647,3375,2.411337499
648,3379,2.4143375
649,3380,2.415087499
650,3387,2.4203375
651,3389,2.421837499
652,3393,2.424837499
653,3399,2.429337499
654,3404,2.433087499
655,3409,2.4368375
656,3411,2.4383375
657,3416,2.442087499
658,3419,2.4443375
659,3423,2.447337499
660,3428,2.451087499
661,3429,2.451837499
662,3435,2.456337499
663,3439,2.459337499
664,3447,2.465337499
665,3449,2.4668375
666,3452,2.4690875
667,3459,2.474337499
668,3464,2.478087499
669,3469,2.481837499
670,3471,2.483337499
671,3476,2.4870875
672,3480,2.490087499
673,3483,2.492337499
674,3488,2.496087499
675,3490,2.497587499
676,3495,2.5013375
677,3500,2.5050875
678,3503,2.5073375
679,3507,2.510337499
680,3510,2.512587499
681,3512,2.514087499
682,3520,2.520087499
683,3524,2.5230875
684,3530,2.5275875
685,3531,2.528337499
686,3537,2.532837499
687,3540,2.5350875
688,3543,2.5373375
689,3548,2.541087499
690,3550,2.542587499
691,3560,2.550087499
692,3561,2.550837499
693,3567,2.5553375
694,3570,2.5575875
695,3572,2.559087499
696,3579,2.564337499
697,3580,2.565087499
698,3584,2.568087499
699,3590,2.572587499
700,3596,2.577087499
701,3600,2.580087499
702,3603,2.582337499
703,3608,2.5860875
704,3610,2.5875875
705,3615,2.591337499
706,3620,2.595087499
707,3627,2.600337499
708,3630,2.602587499
709,3632,2.6040875
710,3639,2.609337499
711,3640,2.6100875
712,3644,2.613087499
713,3650,2.617812499
714,3653,2.620175
715,3656,2.6225375
716,3660,2.625687499
717,3663,2.628049999
718,3670,2.633562499
719,3675,2.6375
720,3680,2.6414375
721,3690,2.649312499
722,3692,2.650887499
723,3699,2.6564
724,3700,2.657187499
725,3704,2.6603375
726,3710,2.6650625
727,3713,2.667424999
728,3716,2.669787499
729,3720,2.672937499
730,3723,2.6753
731,3728,2.679237499
732,3730,2.680812499
733,3735,2.684749999
734,3740,2.688687499
735,3747,2.6942
736,3750,2.6965625
737,3752,2.698137499
738,3759,2.703649999
739,3760,2.704437499
740,3764,2.707587499
741,3767,2.709949999
742,3770,2.712312499
743,3776,2.717037499
744,3780,2.7201875
745,3783,2.722549999
746,3790,2.728062499
747,3795,2.731999999
748,3800,2.735937499
749,3801,2.736725
750,3807,2.74145
751,3811,2.744599999
752,3812,2.7453875
753,3821,2.752474999
754,3824,2.754837499
755,3831,2.76035
756,3837,2.765074999
757,3841,2.768224999
758,3843,2.769799999
759,3848,2.773737499
760,3851,2.776099999
761,3861,2.783974999
762,3867,2.788699999
763,3871,2.79185
764,3872,2.792637499
765,3879,2.79815
766,3881,2.799724999
767,3884,2.802087499
768,3891,2.807599999
769,3896,2.811537499
770,3901,2.815475
771,3903,2.81705
772,3908,2.820987499
773,3911,2.823349999
774,3915,2.826499999
775,3920,2.830437499
776,3921,2.831224999
777,3931,2.839099999
778,3932,2.839887499
779,3939,2.845399999
780,3941,2.846975
781,3948,2.852487499
782,3951,2.854849999
783,3956,2.858787499
784,3960,2.8619375
785,3961,2.862724999
786,3963,2.864299999
787,3968,2.8682375
788,3971,2.8706
789,3975,2.873749999
790,3980,2.877687499
791,3981,2.878475
792,3987,2.8832
793,3991,2.886349999
794,3992,2.8871375
795,3995,2.8895
796,3999,2.892649999
797,4001,2.894224999
798,4004,2.896587499
799,4011,2.9021
800,4012,2.902887499
801,4017,2.906824999
802,4022,2.9107625
803,4023,2.911549999
804,4028,2.915487499
805,4032,2.918637499
806,4035,2.921
807,4040,2.924937499
808,4042,2.926512499
809,4047,2.930449999
810,4052,2.934387499
811,4059,2.9399
812,4062,2.9422625
813,4064,2.943837499
814,4071,2.949349999
815,4072,2.950137499
816,4076,2.953287499
817,4082,2.958012499
818,4083,2.958799999
819,4088,2.962737499
820,4092,2.9658875
821,4095,2.968249999
822,4100,2.9721875
823,4102,2.9737625
824,4107,2.977699999
825,4112,2.981637499
826,4115,2.983999999
827,4119,2.987149999
828,4122,2.989512499
829,4124,2.9910875
830,4131,2.996599999
831,4132,2.9973875
832,4136,3.000537499
833,4142,3.005262499
834,4143,3.00605
835,4148,3.0099875
836,4152,3.013137499
837,4160,3.019437499
838,4162,3.021012499
839,4163,3.021799999
840,4167,3.02495
841,4172,3.0288875
842,4179,3.034399999
843,4182,3.036762499
844,4184,3.038337499
845,4191,3.04385
846,4192,3.044637499
847,4196,3.047787499
848,4202,3.0525125
849,4203,3.053299999
850,4208,3.057237499
851,4212,3.060387499
852,4215,3.06275
853,4220,3.066687499
854,4222,3.068262499
855,4223,3.06905
856,4227,3.072199999
857,4232,3.076137499
858,4239,3.081649999
859,4242,3.0840125
860,4244,3.085587499
861,4247,3.087949999
862,4251,3.091099999
863,4252,3.091887499
864,4256,3.0950375
865,4262,3.099762499
866,4263,3.100549999
867,4268,3.104487499
868,4272,3.1076375
869,4275,3.109999999
870,4283,3.1163
871,4287,3.119449999
872,4292,3.123387499
873,4293,3.124175
874,4299,3.1289
875,4303,3.132049999
876,4304,3.1328375
877,4307,3.1352
878,4311,3.138349999
879,4313,3.139924999
880,4316,3.142287499
881,4323,3.1478
882,4328,3.1517375
883,4331,3.1541
884,4333,3.155674999
885,4335,3.157249999
886,4340,3.161187499
887,4343,3.163549999
888,4352,3.170637499
889,4353,3.171424999
890,4355,3.173
891,4359,3.176149999
892,4363,3.1793
893,4367,3.182449999
894,4371,3.1856
895,4373,3.187174999
896,4383,3.195049999
897,4388,3.198987499
898,4393,3.2027375
899,4395,3.204237499
900,4400,3.207987499
901,4403,3.210237499
902,4407,3.213237499
903,4412,3.2169875
904,4413,3.217737499
905,4423,3.225237499
906,4424,3.225987499
907,4431,3.231237499
908,4433,3.2327375
909,4436,3.2349875
910,4443,3.240237499
911,4448,3.243987499
912,4453,3.247737499
913,4455,3.2492375
914,4460,3.2529875
915,4463,3.2552375
916,4467,3.258237499
917,4472,3.261987499
918,4473,3.262737499
919,4479,3.2672375
920,4483,3.270237499
921,4491,3.276237499
922,4493,3.277737499
923,4496,3.279987499
924,4503,3.2852375
925,4508,3.288987499
926,4513,3.292737499
927,4515,3.294237499
928,4520,3.297987499
929,4523,3.300237499
930,4527,3.3032375
931,4532,3.306987499
932,4534,3.308487499
933,4539,3.312237499
934,4544,3.315987499
935,4553,3.322737499
936,4554,3.3234875
937,4556,3.324987499
938,4563,3.330237499
939,4564,3.330987499
940,4568,3.3339875
941,4574,3.338487499
942,4575,3.339237499
943,4580,3.342987499
944,4584,3.3459875
945,4587,3.348237499
946,4592,3.3519875
947,4594,3.353487499
948,4599,3.357237499
949,4604,3.360987499
950,4611,3.3662375
951,4614,3.368487499
952,4616,3.3699875
953,4624,3.3759875
954,4628,3.378987499
955,4634,3.383487499
956,4635,3.3842375
957,4640,3.3879875
958,4643,3.3902375
959,4644,3.390987499
960,4647,3.393237499
961,4652,3.396987499
962,4654,3.3984875
963,4659,3.4022375
964,4664,3.405987499
965,4760,3.477987499
966,4766,3.482487499
967,4770,3.485487499
968,4773,3.487737499
969,4776,3.489987499
970,4778,3.491487499
971,4782,3.494487499
972,4785,3.496737499
973,4786,3.497487499
974,4790,3.500487499
975,4845,3.5417375
976,4846,3.542487499
977,4854,3.548487499
978,5082,3.719487499
979,5087,3.7232375
980,5090,3.725487499
981,5094,3.728487499
982,5097,3.730737499
983,5102,3.734487499
984,5106,3.737487499
985,5107,3.738237499
986,5109,3.739737499
987,5114,3.743487499
988,5117,3.745737499
989,5118,3.746487499
990,5121,3.748737499
991,5126,3.752487499
992,5127,3.7532375
993,5132,3.756987499
994,5137,3.760737499
995,5139,3.762237499
996,5142,3.764487499
997,5147,3.768237499
998,5151,3.7712375
999,5154,3.7734875
1000,5157,3.7757375
1001,5162,3.7794875
1002,5166,3.782487499
1003,5167,3.783237499
1004,5174,3.788487499
1005,5177,3.790737499
1006,5178,3.7914875
1007,5186,3.7974875
1008,5187,3.798237499
1009,5197,3.8057375
1010,5217,3.820737499
1011,5222,3.824487499
1012,5226,3.827287499
1013,5227,3.827987499
1014,5234,3.832887499
1015,5237,3.83525
1016,5238,3.835999999
1017,5246,3.841999999
1018,5247,3.842749999
1019,5250,3.843687499
1020,5257,3.845874999
1021,5258,3.8467
1022,5262,3.8467
1023,5267,3.8467
1024,5270,3.849399999
1025,5274,3.852999999
1026,5277,3.855699999
1027,5282,3.860199999
1028,5287,3.864699999
1029,5288,3.865599999
1030,5294,3.871
1031,5298,3.874599999
1032,5308,3.883599999
1033,5316,3.890799999
1034,5319,3.893499999
1035,5324,3.897999999
1036,5326,3.899799999
1037,5331,3.904299999
1038,5336,3.906424999
1039,5339,3.907699999
1040,5343,3.909249999
1041,5346,3.909249999
1042,5354,3.909249999
1043,5356,3.909249999
1044,5366,3.909249999
1045,5416,3.909249999
1046,5443,3.909249999
1047,5451,3.909249999
1048,5453,3.909249999
1049,5463,3.909249999
1050,5473,3.909249999
1051,5483,3.909249999
1052,5487,3.909249999
1053,5493,3.909249999
1054,5495,3.909249999
1055,5503,3.909249999
1056,5535,3.909249999
1057,5538,3.909249999
1058,5540,3.909249999
1059,5550,3.909249999
1060,5560,3.909249999
1061,5567,3.909249999
1062,5591,3.909249999
1063,5594,3.909249999
1064,5598,3.909249999
1065,5601,3.909249999
1066,5603,3.909249999
1067,5606,3.909249999
1068,5610,3.909249999
1069,5611,3.909287499
1070,5616,3.909474999
1071,5621,3.909474999
1072,5622,3.909474999
1073,5627,3.909474999
1074,5630,3.909474999
1075,5631,3.909474999
1076,5634,3.909474999
1077,5641,3.909474999
1078,5651,3.909849999
1079,5670,3.910562499
1080,5690,3.911312499
1081,5694,3.911312499
1082,5699,3.911312499
1083,5700,3.911312499
1084,5706,3.911312499
1085,5710,3.911312499
1086,5718,3.911312499
1087,5720,3.911387499
1088,5723,3.911387499
1089,5730,3.911387499
1090,5735,3.911387499
1091,5762,3.911387499
1092,5766,3.911837499
1093,5769,3.912174999
1094,5774,3.912737499
1095,5778,3.913187499
1096,5779,3.913299999
1097,5781,3.913524999
1098,5820,3.917912499
1099,5825,3.918474999
1100,5828,3.918812499
1101,5835,3.919599999
1102,5837,3.919824999
1103,5845,3.920724999
1104,5849,3.921174999
1105,5852,3.921512499
1106,5855,3.921849999
1107,5861,3.922524999
1108,5865,3.922974999
1109,5868,3.923312499
1110,5898,3.926687499
1111,5903,3.927249999
1112,5906,3.927587499
1113,5907,3.927699999
1114,5910,3.929237499
1115,5916,3.934187499
1116,5919,3.936662499
1117,5922,3.939137499
1118,5926,3.942437499
1119,5927,3.943262499
1120,5931,3.946562499
1121,5934,3.948924999
1122,5936,3.950499999
1123,5939,3.952862499
1124,5943,3.956012499
1125,5946,3.958374999
1126,5951,3.962312499
1127,5955,3.965462499
1128,5956,3.966249999
1129,5988,3.991449999
1130,5993,3.994574999
1131,5997,3.996274999
1132,6000,3.997549999
1133,6004,3.999249999
1134,6005,3.999949999
1135,6009,4.002599999
1136,6012,4.004587499
1137,6014,4.005912499
1138,6017,4.007899999
1139,6021,4.011199999
1140,6024,4.013187499
1141,6029,4.016499999
1142,6033,4.018999999
1143,6034,4.019624999
1144,6036,4.021274999
1145,6041,4.025399999
1146,6069,4.048499999
1147,6072,4.050974999
1148,6075,4.053449999
1149,6077,4.053599999
1150,6081,4.056899999
1151,6082,4.057724999
1152,6086,4.061024999
1153,6092,4.065974999
1154,6093,4.066799999
1155,6101,4.067399999
1156,6102,4.067474999
1157,6105,4.067699999
1158,6112,4.072337499
1159,6122,4.078962499
1160,6142,4.091462499
1161,6149,4.095837499
1162,6152,4.097937499
1163,6156,4.100737499
1164,6162,4.104937499
1165,6168,4.109887499
1166,6172,4.113187499
1167,6177,4.117312499
1168,6180,4.119787499
1169,6182,4.121437499
1170,6185,4.123199999
1171,6189,4.125549999
1172,6192,4.127312499
1173,6201,4.132599999
1174,6202,4.133187499
1175,6204,4.134287499
1176,6212,4.138687499
1177,6213,4.139274999
1178,6222,4.144562499
1179,6225,4.146324999
1180,6228,4.148312499
1181,6232,4.150812499
1182,6240,4.155812499
1183,6242,4.157062499
1184,6252,4.162187499
1185,6261,4.169612499
1186,6262,4.170437499
1187,6264,4.172087499
1188,6272,4.178687499
1189,6273,4.179512499
1190,6276,4.181762499
1191,6282,4.185962499
1192,6288,4.190162499
1193,6293,4.193662499
1194,6297,4.196462499
1195,6300,4.198562499
1196,6303,4.200437499
1197,6312,4.207187499
1198,6313,4.207937499
1199,6318,4.211687499
1200,6321,4.213787499
1201,6323,4.215187499
1202,6324,4.215887499
1203,6333,4.222637499
1204,6343,4.230512499
1205,6345,4.232087499
1206,6348,4.234449999
1207,6353,4.234449999
1208,6357,4.237099999
1209,6363,4.241074999
1210,6369,4.245049999
1211,6372,4.247037499
1212,6373,4.247699999
1213,6381,4.252999999
1214,6383,4.254499999
1215,6384,4.255249999
1216,6393,4.261999999
1217,6396,4.264249999
1218,6405,4.270999999
1219,6408,4.273249999
1220,6413,4.276999999
1221,6417,4.279999999
1222,6420,4.282249999
1223,6423,4.282249999
1224,6429,4.282249999
1225,6432,4.282249999
1226,6433,4.282249999
1227,6441,4.282249999
1228,6443,4.282249999
1229,6453,4.282249999
1230,6461,4.282249999
1231,6463,4.282249999
1232,6465,4.282249999
1233,6468,4.282249999
1234,6473,4.282249999
1235,6477,4.282249999
1236,6480,4.282249999
1237,6483,4.282249999
1238,6489,4.282249999
1239,6492,4.282249999
1240,6493,4.282249999
1241,6503,4.282249999
1242,6513,4.282249999
1243,6516,4.282249999
1244,6521,4.282249999
1245,6523,4.282249999
1246,6528,4.282249999
1247,6533,4.282249999
1248,6537,4.282249999
1249,6540,4.282249999
1250,6543,4.282249999
1251,6545,4.282249999
1252,6549,4.282249999
1253,6552,4.282249999
1254,6553,4.282249999
1255,6563,4.282249999
1256,6564,4.282249999
1257,6574,4.282249999
1258,6581,4.282249999
1259,6584,4.282249999
1260,6585,4.282249999
1261,6588,4.282249999
1262,6594,4.282249999
1263,6597,4.282249999
1264,6600,4.282249999
1265,6604,4.282249999
1266,6609,4.282249999
1267,6612,4.282249999
1268,6614,4.282249999
1269,6624,4.282249999
1270,6633,4.282249999
1271,6634,4.282249999
1272,6644,4.282249999
1273,6645,4.282249999
1274,6654,4.282249999
1275,6657,4.282249999
1276,6660,4.282249999
1277,6664,4.282249999
1278,6669,4.282249999
1279,6672,4.282249999
1280,6674,4.282249999
1281,6677,4.282249999
1282,6681,4.282249999
1283,6684,4.282249999
1284,6693,4.282249999
1285,6694,4.282249999
1286,6696,4.282249999
1287,6704,4.282249999
1288,6705,4.282249999
1289,6708,4.282249999
1290,6714,4.282249999
1291,6724,4.282249999
1292,6729,4.282249999
1293,6734,4.282249999
1294,6744,4.282249999
1295,6753,4.282249999
1296,6754,4.282249999
1297,6756,4.282249999
1298,6764,4.282249999
1299,6765,4.282249999
1300,6774,4.282249999
1301,6777,4.282249999
1302,6784,4.282249999
1303,6792,4.282249999
1304,6794,4.282249999
1305,6804,4.282249999
1306,6813,4.282249999
1307,6814,4.282249999
1308,6824,4.282249999
1309,6825,4.282249999
1310,6828,4.282249999
1311,6834,4.282249999
1312,6837,4.282249999
1313,6840,4.282249999
1314,6844,4.282249999
1315,6855,4.282249999
1316,6857,4.282249999
1317,6861,4.282249999
1318,6864,4.282249999
1319,6865,4.282249999
1320,6873,4.282249999
1321,6875,4.282249999
1322,6876,4.282249999
1323,6885,4.282249999
1324,6895,4.282249999
1325,6905,4.282249999
1326,6909,4.282249999
1327,6915,4.282249999
1328,6925,4.282249999
1329,6933,4.282249999
1330,6935,4.282249999
1331,6936,4.282249999
1332,6945,4.282249999
1333,6948,4.282249999
1334,6955,4.282249999
1335,6957,4.282249999
1336,6965,4.282249999
1337,6969,4.282249999
1338,6972,4.282249999
1339,6975,4.282249999
1340,6981,4.282249999
1341,6984,4.282249999
1342,6985,4.282249999
1343,6993,4.282249999
1344,6995,4.282249999
1345,6996,4.282249999
1346,7005,4.282249999
1347,7015,4.282249999
1348,7020,4.282249999
1349,7025,4.282249999
1350,7029,4.282249999
1351,7035,4.282249999
1352,7041,4.282249999
1353,7045,4.282249999
1354,7055,4.282249999
1355,7056,4.282249999
1356,7065,4.282249999
1357,7068,4.282249999
1358,7075,4.282249999
1359,7077,4.282249999
1360,7080,4.282249999
1361,7085,4.282249999
1362,7089,4.282249999
1363,7092,4.282249999
1364,7095,4.282249999
1365,7101,4.282249999
1366,7104,4.282249999
1367,7105,4.282249999
1368,7115,4.282249999
1369,7116,4.282249999
1370,7126,4.282249999
1371,7128,4.282249999
1372,7136,4.282249999
1373,7137,4.282249999
1374,7142,4.282249999
1375,7146,4.282249999
1376,7149,4.282249999
1377,7152,4.282249999
1378,7156,4.282249999
1379,7161,4.282249999
1380,7164,4.282249999
1381,7166,4.282249999
1382,7173,4.282249999
1383,7176,4.282249999
1384,7185,4.282249999
1385,7186,4.282249999
1386,7188,4.282249999
1387,7196,4.282249999
1388,7197,4.282249999
1389,7200,4.282249999
1390,7205,4.282249999
1391,7206,4.282249999
1392,7209,4.282249999
1393,7212,4.282249999
1394,7216,4.282249999
1395,7221,4.282249999
1396,7224,4.282249999
1397,7226,4.282249999
1398,7233,4.282249999
1399,7236,4.282249999
1400,7245,4.282249999
1401,7246,4.282249999
1402,7256,4.282249999
1403,7260,4.282249999
1404,7266,4.282249999
1405,7272,4.282249999
1406,7276,4.282249999
1407,7284,4.282249999
1408,7286,4.282249999
1409,7293,4.282249999
1410,7296,4.282249999
1411,7306,4.282249999
1412,7316,4.282249999
1413,7320,4.282249999
1414,7326,4.282249999
1415,7329,4.282249999
1416,7336,4.282249999
1417,7341,4.282249999
1418,7346,4.282249999
1419,7353,4.282249999
1420,7383,4.282249999
1421,7386,4.282249999
1422,7387,4.282249999
1423,7391,4.282249999
1424,7395,4.282249999
1425,7397,4.282324999
1426,7398,4.282362499
1427,7403,4.282549999
1428,7407,4.282699999
1429,7410,4.282812499
1430,7417,4.283074999
1431,7427,4.283449999
1432,7439,4.283899999
1433,7443,4.284049999
1434,7449,4.284049999
1435,7451,4.284049999
1436,7459,4.284049999
1437,7463,4.284199999
1438,7467,4.284349999
1439,7469,4.284349999
1440,7478,4.284687499
1441,7479,4.284724999
1442,7487,4.285024999
1443,7489,4.285099999
1444,7491,4.285174999
1445,7499,4.285474999
1446,7503,4.285624999
1447,7508,4.285812499
1448,7509,4.285849999
1449,7511,4.285924999
1450,7515,4.286074999
1451,7519,4.286224999
1452,7523,4.286374999
1453,7529,4.286599999
1454,7532,4.286712499
1455,7535,4.286824999
1456,7539,4.286974999
1457,7540,4.287012499
1458,7547,4.287274999
1459,7550,4.287387499
1460,7551,4.287387499
1461,7556,4.287387499
1462,7559,4.287387499
1463,7560,4.287387499
1464,7570,4.287387499
1465,7571,4.287387499
1466,7575,4.287387499
1467,7580,4.287387499
1468,7583,4.287387499
1469,7587,4.287387499
1470,7590,4.287387499
1471,7595,4.287387499
1472,7599,4.287387499
1473,7600,4.287387499
1474,7608,4.287387499
1475,7610,4.287387499
1476,7611,4.287387499
1477,7616,4.287387499
1478,7620,4.287387499
1479,7658,4.287387499
1480,7662,4.287387499
1481,7664,4.287387499
1482,7665,4.287387499
1483,7674,4.287387499
1484,7684,4.287387499
1485,7686,4.287387499
1486,7713,4.287387499
1487,7715,4.287387499
1488,7719,4.287387499
1489,7724,4.287387499
1490,7749,4.287387499
1491,7754,4.287387499
1492,7755,4.287387499
1493,7757,4.287387499
1494,7761,4.287387499
1495,7797,4.287387499
1496,7802,4.287387499
1497,7806,4.287387499
1498,7809,4.289037499
1499,7812,4.291137499
1500,7817,4.294637499
1501,7821,4.297437499
1502,7822,4.298137499
1503,7830,4.303737499
1504,7832,4.305137499
1505,7833,4.305687499
1506,7838,4.308437499
1507,7841,4.310087499
1508,7842,4.310787499
1509,7881,4.338087499
1510,7886,4.341587499
1511,7889,4.343687499
1512,7890,4.344512499
1513,7893,4.346987499
1514,7898,4.351112499
1515,7899,4.351937499
1516,7902,4.354412499
1517,7905,4.356887499
1518,7909,4.360187499
1519,7910,4.360187499
1520,7914,4.360187499
1521,7917,4.360187499
1522,7919,4.361762499
1523,7926,4.367274999
1524,7929,4.369637499
1525,7938,4.377062499
1526,7939,4.377887499
1527,7941,4.379537499
1528,7949,4.386137499
1529,7953,4.389437499
1530,7960,4.395212499
1531,7962,4.396862499
1532,7965,4.399337499
1533,7970,4.403462499
1534,7974,4.406762499
1535,7977,4.409237499
1536,7980,4.411712499
1537,7989,4.419137499
1538,7990,4.419962499
1539,7998,4.426562499
1540,8000,4.428212499
1541,8001,4.429037499
1542,8010,4.436462499
1543,8013,4.438937499
1544,8020,4.444712499
1545,8022,4.446362499
1546,8025,4.448837499
1547,8030,4.452587499
1548,8034,4.455587499
1549,8037,4.457837499
1550,8040,4.459599999
1551,8046,4.463124999
1552,8049,4.465599999
1553,8050,4.465599999
1554,8060,4.465599999
1555,8061,4.466387499
1556,8070,4.473474999
1557,8073,4.475837499
1558,8080,4.481349999
1559,8082,4.481424999
1560,8085,4.4837875
1561,8090,4.487537499
1562,8094,4.490537499
1563,8097,4.492787499
1564,8100,4.494774999
1565,8106,4.499499999
1566,8109,4.501862499
1567,8110,4.502649999
1568,8120,4.506524999
1569,8123,4.508887499
1570,8130,4.514399999
1571,8133,4.516762499
1572,8141,4.523062499
1573,8151,4.523437499
1574,8154,4.525799999
1575,8157,4.528162499
1576,8161,4.531312499
1577,8171,4.539187499
1578,8178,4.539449999
1579,8181,4.54155
1580,8191,4.548549999
1581,8201,4.555175
1582,8205,4.557824999
1583,8211,4.5618
1584,8221,4.568799999
1585,8226,4.571549999
1586,8229,4.573199999
1587,8231,4.574599999
1588,8238,4.5795
1589,8241,4.5816
1590,8250,4.587899999
1591,8251,4.587937499
1592,8253,4.588012499
1593,8261,4.593612499
1594,8262,4.5943125
1595,8271,4.6006125
1596,8274,4.602712499
1597,8277,4.604812499
1598,8281,4.6076125
1599,8286,4.611112499
1600,8289,4.6132125
1601,8291,4.614612499
1602,8298,4.6195125
1603,8301,4.621612499
1604,8310,4.627912499
1605,8312,4.629312499
1606,8313,4.630012499
1607,8322,4.6363125
1608,8332,4.6433125
1609,8337,4.646812499
1610,8342,4.650312499
1611,8346,4.6531125
1612,8352,4.657312499
1613,8360,4.662912499
1614,8362,4.6643125
1615,8370,4.6699125
1616,8372,4.671312499
1617,8373,4.6720125
1618,8382,4.678312499
1619,8385,4.680412499
1620,8392,4.6853125
1621,8394,4.6867125
1622,8397,4.6888125
1623,8402,4.6923125
1624,8409,4.697212499
1625,8412,4.699312499
1626,8418,4.7035125
1627,8422,4.706162499
1628,8432,4.7131625
1629,8433,4.713862499
1630,8442,4.719824999
1631,8450,4.725124999
1632,8452,4.726449999
1633,8454,4.72785
1634,8457,4.729837499
1635,8462,4.73315
1636,8466,4.735949999
1637,8469,4.73805
1638,8472,4.74015
1639,8474,4.741549999
1640,8478,4.74435
1641,8481,4.746449999
1642,8482,4.747149999
1643,8490,4.752449999
1644,8492,4.753774999
1645,8493,4.754474999
1646,8502,4.7604375
1647,8513,4.767725
1648,8517,4.770374999
1649,8523,4.77435
1650,8529,4.778325
1651,8533,4.780974999
1652,8534,4.7816375
1653,8538,4.784287499
1654,8541,4.786274999
1655,8543,4.787599999
1656,8550,4.7922375
1657,8553,4.794225
1658,8562,4.800187499
1659,8563,4.80085
1660,8565,4.802174999
1661,8573,4.807474999
1662,8577,4.810125
1663,8583,4.8141
1664,8589,4.818074999
1665,8593,4.820725
1666,8598,4.8240375
1667,8601,4.826025
1668,8603,4.827349999
1669,8613,4.833974999
1670,8622,4.839937499
1671,8623,4.8406
1672,8625,4.841925
1673,8630,4.845237499
1674,8633,4.847225
1675,8634,4.8478875
1676,8637,4.849874999
1677,8675,4.875049999
1678,8678,4.877037499
1679,8680,4.878362499
1680,8682,4.8796875
1681,8688,4.883662499
1682,8690,4.8849875
1683,8694,4.887637499
1684,8735,4.914799999
1685,8737,4.916124999
1686,8742,4.919437499
1687,8747,4.92275
1688,8750,4.924737499
1689,8754,4.9273875
1690,8757,4.929375
1691,8759,4.930699999
1692,8766,4.935337499
1693,8804,4.960512499
1694,8820,4.971112499
1695,8821,4.971774999
1696,8853,4.992974999
1697,8855,4.994299999
1698,8858,4.996287499
1699,8861,4.998274999
1700,8865,5.000925
1701,8866,5.001587499
1702,8873,5.006225
1703,8876,5.0082125
1704,8877,5.008874999
1705,8886,5.0148375
1706,8889,5.016825
1707,8894,5.0201375
1708,8896,5.021462499
1709,8897,5.022125
1710,8962,5.0651875
1711,8966,5.067837499
1712,8970,5.0704875
1713,8972,5.0718125
1714,8973,5.072475
1715,8982,5.078437499
1716,8985,5.080424999
1717,8992,5.085062499
1718,8994,5.0863875
1719,8997,5.088375
1720,9002,5.0916875
1721,9006,5.094337499
1722,9009,5.096324999
1723,9012,5.098312499
1724,9020,5.103612499
1725,9021,5.104275
1726,9022,5.104937499
1727,9147,5.18775
1728,9153,5.191725
1729,9156,5.193712499
1730,9159,5.195699999
1731,9163,5.19835
1732,9164,5.199012499
1733,9170,5.202987499
1734,9173,5.204974999
1735,9176,5.206962499
1736,9180,5.2096125
1737,9183,5.211599999
1738,9188,5.2149125
1739,9192,5.217562499
1740,9193,5.218225
1741,9195,5.21955
1742,9203,5.224849999
1743,9206,5.2268375
1744,9207,5.2275
1745,9213,5.231474999
1746,9216,5.233462499
1747,9219,5.235449999
1748,9223,5.2381
1749,9228,5.2414125
1750,9233,5.244725
1751,9236,5.2467125
1752,9240,5.249362499
1753,9244,5.2520125
1754,9252,5.2573125
1755,9254,5.258637499
1756,9264,5.265262499
1757,9267,5.267249999
1758,9272,5.270562499
1759,9274,5.2718875
1760,9279,5.2752
1761,9284,5.2785125
1762,9288,5.281162499
1763,9291,5.283149999
1764,9294,5.285137499
1765,9300,5.285137499
1766,9303,5.285137499
1767,9304,5.285887499
1768,9314,5.293387499
1769,9315,5.294137499
1770,9324,5.300887499
1771,9327,5.303137499
1772,9334,5.308387499
1773,9339,5.312137499
1774,9344,5.312512499
1775,9351,5.317412499
1776,9354,5.319512499
1777,9364,5.326512499
1778,9365,5.327174999
1779,9369,5.329824999
1780,9372,5.331812499
1781,9374,5.333212499
1782,9375,5.333912499
1783,9384,5.340212499
1784,9394,5.340587499
1785,9399,5.344337499
1786,9404,5.347837499
1787,9411,5.352737499
1788,9414,5.354987499
1789,9416,5.356487499
1790,9424,5.362487499
1791,9432,5.368787499
1792,9434,5.370287499
1793,9444,5.377787499
1794,9452,5.383787499
1795,9454,5.385287499
1796,9459,5.389037499
1797,9465,5.393537499
1798,9468,5.395787499
1799,9475,5.401037499
1800,9485,5.408537499
1801,9495,5.408912499
1802,9504,5.414874999
1803,9505,5.415537499
1804,9507,5.416862499
1805,9515,5.422162499
1806,9516,5.422824999
1807,9519,5.424587499
1808,9525,5.428562499
1809,9528,5.430437499
1810,9535,5.434812499
1811,9536,5.435474999
1812,9540,5.437824999
1813,9545,5.440762499
1814,9552,5.444612499
1815,9555,5.446487499
1816,9560,5.449612499
1817,9630,5.495987499
1818,9633,5.497974999
1819,9638,5.501287499
1820,9642,5.503137499
1821,9643,5.503599999
1822,9707,5.541199999
1823,9714,5.545312499
1824,9715,5.545899999
1825,9719,5.548249999
1826,9725,5.551324999
1827,9726,5.551949999
1828,9731,5.555074999
1829,9735,5.557574999
1830,9738,5.559112499
1831,9743,5.562049999
1832,9745,5.563224999
1833,9750,5.566162499
1834,9755,5.568912499
1835,9756,5.569462499
1836,9762,5.573212499
1837,9765,5.575087499
1838,9768,5.576962499
1839,9774,5.580712499
1840,9775,5.581337499
1841,9779,5.583837499
1842,9785,5.587587499
1843,9786,5.588212499
1844,9791,5.591149999
1845,9794,5.592912499
1846,9795,5.593499999
1847,9798,5.595374999
1848,9803,5.598499999
1849,9805,5.599749999
1850,9810,5.602874999
1851,9815,5.605999999
1852,9822,5.610374999
1853,9825,5.612137499
1854,9827,5.613312499
1855,9834,5.617424999
1856,9835,5.618012499
1857,9839,5.620362499
1858,9845,5.623887499
1859,9846,5.624512499
1860,9851,5.627637499
1861,9855,5.630137499
1862,9858,5.632012499
1863,9865,5.636387499
1864,9875,5.642637499
1865,9918,5.669512499
1866,9921,5.671387499
1867,9923,5.672637499
1868,9930,5.677012499
1869,9933,5.678887499
1870,9942,5.684512499
1871,9943,5.685137499
1872,9945,5.686387499
1873,9999,5.720137499
1874,10002,5.722012499
1875,10012,5.728262499
1876,10023,5.735137499
1877,10028,5.738262499
1878,10033,5.741387499
1879,10043,5.747637499
1880,10048,5.750762499
1881,10081,5.771387499
1882,10091,5.777637499
1883,10101,5.783887499
1884,10103,5.785137499
1885,10108,5.788262499
1886,10110,5.789512499
1887,10111,5.790137499
1888,10115,5.792637499
1889,10118,5.794512499
1890,10121,5.796387499
1891,10122,5.797012499
1892,10127,5.800137499
1893,10128,5.800762499
1894,10131,5.802637499
1895,10134,5.804512499
1896,10138,5.807012499
1897,10139,5.807637499
1898,10176,5.830762499
1899,10181,5.833887499
1900,10182,5.834512499
1901,10187,5.837637499
1902,10191,5.840137499
1903,10232,5.865762499
1904,10235,5.867637499
1905,10239,5.870137499
1906,10245,5.873887499
1907,10247,5.875137499
1908,10249,5.876312499
1909,10340,5.929774999
1910,10345,5.932712499
1911,10347,5.933887499
1912,10352,5.936824999
1913,10355,5.938587499
1914,10359,5.940937499
1915,10364,5.943874999
1916,10365,5.944462499
1917,10371,5.944462499
1918,10375,5.946812499
1919,10376,5.946812499
1920,10383,5.951449999
1921,10455,5.991049999
1922,10458,5.993037499
1923,10459,5.993587499
1924,10463,5.996087499
1925,10467,5.998587499
1926,10469,5.999212499
1927,10479,6.003462499
1928,10482,6.004287499
1929,10489,6.006212499
1930,10491,6.006762499
1931,10494,6.007587499
1932,10499,6.008962499
1933,10503,6.010362499
1934,10506,6.011412499
1935,10509,6.012462499
1936,10515,6.014112499
1937,10518,6.014937499
1938,10519,6.015212499
1939,10529,6.017962499
1940,10530,6.018237499
1941,10539,6.021049999
1942,10549,6.024174999
1943,10551,6.024799999
1944,10559,6.026699999
1945,10560,6.026937499
1946,10566,6.028812499
1947,10570,6.030062499
1948,10575,6.031624999
1949,10580,6.033187499
1950,10587,6.035374999
1951,10590,6.036537499
1952,10595,6.038474999
1953,10599,6.039874999
1954,10600,6.040262499
1955,10602,6.041037499
1956,10610,6.044137499
1957,10614,6.045687499
1958,10620,6.048012499
1959,10623,6.049174999
1960,10626,6.050337499
1961,10630,6.052037499
1962,10635,6.054162499
1963,10638,6.055437499
1964,10640,6.056287499
1965,10647,6.059262499
1966,10650,6.060537499
1967,10655,6.062662499
1968,10659,6.064512499
1969,10660,6.064974999
1970,10662,6.065124999
1971,10667,6.065499999
1972,10670,6.065724999
1973,10674,6.066024999
1974,10680,6.066474999
1975,10683,6.068012499
1976,10686,6.069662499
1977,10690,6.071862499
1978,10695,6.072049999
1979,10698,6.073212499
1980,10700,6.073987499
1981,10703,6.075149999
1982,10710,6.077862499
1983,10719,6.081349999
1984,10720,6.081737499
1985,10730,6.085612499
1986,10731,6.085999999
1987,10734,6.087162499
1988,10740,6.089487499
1989,10743,6.090649999
1990,10746,6.091812499
1991,10750,6.092762499
1992,10755,6.093949999
1993,10760,6.095137499
1994,10770,6.099012499
1995,10779,6.101487499
1996,10780,6.101762499
1997,10782,6.102537499
1998,10791,6.105012499
1999,10794,6.105949999
2000,10799,6.107512499
2001,10801,6.108287499
2002,10811,6.108287499
2003,10815,6.108287499
2004,10818,6.108399999
2005,10821,6.109449999
2006,10830,6.112599999
2007,10831,6.112987499
2008,10839,6.116087499
2009,10841,6.116862499
2010,10842,6.116862499
2011,10851,6.116862499
2012,10854,6.118512499
2013,10861,6.118512499
2014,10899,6.139412499
2015,11058,6.226862499
2016,11063,6.229612499
2017,11066,6.230662499
2018,11076,6.234162499
2019,11095,6.240099999
2020,11099,6.241349999
2021,11102,6.242287499
2022,11105,6.243224999
2023,11109,6.244474999
2024,11114,6.246037499
2025,11115,6.246349999
2026,11118,6.247287499
2027,11121,6.248224999
2028,11174,6.264787499
2029,11177,6.265612499
2030,11186,6.268087499
2031,11187,6.268362499
2032,11189,6.268912499
2033,11197,6.271112499
2034,11198,6.271387499
2035,11210,6.275137499
2036,11218,6.277637499
2037,11222,6.278887499
2038,11226,6.280137499
2039,11228,6.280762499
2040,11234,6.282637499
2041,11237,6.283574999
2042,11238,6.283849999
2043,11246,6.285749999
2044,11248,6.286224999
2045,11249,6.286574999
2046,11292,6.301624999
2047,11297,6.303374999
2048,11298,6.303724999
2049,11303,6.305474999
2050,11307,6.306874999
2051,11337,6.317374999
2052,11342,6.319124999
2053,11344,6.319824999
2054,11345,6.320174999
2055,11349,6.321574999
2056,11354,6.323324999
2057,11399,6.339074999
2058,11405,6.341174999
2059,11411,6.343274999
2060,11439,6.353074999
2061,11444,6.354824999
2062,11447,6.355874999
2063,11455,6.358674999
2064,11457,6.359374999
2065,11504,6.374062499
2066,11507,6.374999999
2067,11508,6.375274999
2068,11511,6.376099999
2069,11518,6.378024999
2070,11519,6.378299999
2071,11523,6.379399999
2072,11528,6.380774999
2073,11531,6.381487499
2074,11535,6.382437499
2075,11538,6.383149999
2076,11543,6.384337499
2077,11548,6.385524999
2078,11549,6.385762499
2079,11552,6.386474999
2080,11555,6.387037499
2081,11558,6.387599999
2082,11559,6.387787499
2083,11564,6.388724999
2084,11567,6.389287499
2085,11568,6.389474999
2086,11571,6.390037499
2087,11578,6.391349999
2088,11579,6.391537499
2089,11583,6.392137499
2090,11588,6.392887499
2091,11591,6.393337499
2092,11595,6.393937499
2093,11598,6.394387499
2094,11603,6.395137499
2095,11607,6.395737499
2096,11608,6.395887499
2097,11615,6.396937499
2098,11618,6.397387499
2099,11619,6.397537499
2100,11627,6.398737499
2101,11628,6.398737499
2102,11730,6.398737499
2103,11737,6.398737499
2104,11738,6.398737499
2105,11742,6.398737499
2106,11747,6.398737499
2107,11754,6.398737499
2108,11757,6.398737499
2109,11760,6.398737499
2110,11762,6.398737499
2111,11766,6.398737499
2112,11767,6.398737499
2113,11774,6.398737499
2114,11777,6.398737499
2115,11778,6.398737499
2116,11786,6.398737499
2117,11787,6.398737499
2118,11891,6.398737499
2119,11895,6.398737499
2120,11896,6.398737499
2121,11903,6.398737499
2122,11906,6.398737499
2123,11907,6.398737499
2124,11912,6.398737499
2125,11915,6.398737499
2126,11982,6.398737499
2127,11985,6.398737499
2128,11988,6.400387499
2129,12057,6.438337499
2130,12061,6.440537499
2131,12062,6.441087499
2132,12065,6.442737499
2133,12099,6.463987499
2134,12102,6.463987499
2135,12103,6.463987499
2136,12107,6.466487499
2137,12114,6.470862499
2138,12119,6.473987499
2139,12124,6.477112499
2140,12126,6.477112499
2141,12131,6.480237499
2142,12134,6.482112499
2143,12138,6.484612499
2144,12143,6.487737499
2145,12144,6.488362499
2146,12147,6.490237499
2147,12150,6.492112499
2148,12183,6.512737499
2149,12188,6.515862499
2150,12191,6.517737499
2151,12195,6.520237499
2152,12198,6.522112499
2153,12208,6.528362499
2154,12236,6.545862499
2155,12240,6.548362499
2156,12246,6.552112499
2157,12248,6.553362499
2158,12252,6.555862499
2159,12256,6.558362499
2160,12260,6.560862499
2161,12264,6.563362499
2162,12266,6.564612499
2163,12269,6.566487499
2164,12272,6.566712499
2165,12276,6.567012499
2166,12284,6.570112499
2167,12286,6.571037499
2168,12293,6.574274999
2169,12296,6.576149999
2170,12300,6.578649999
2171,12306,6.582399999
2172,12308,6.583649999
2173,12312,6.585999999
2174,12316,6.588349999
2175,12636,6.664349999
2176,12638,6.665449999
2177,12648,6.670949999
2178,12658,6.676449999
2179,12660,6.677549999
2180,12668,6.681949999
2181,12672,6.684149999
2182,12678,6.687449999
2183,12680,6.688549999
2184,12684,6.690749999
2185,12688,6.692949999
2186,12692,6.695149999
2187,12696,6.697349999
2188,12698,6.698449999
2189,12704,6.701749999
2190,12708,6.703949999
2191,12716,6.708349999
2192,12718,6.709449999
2193,12720,6.710549999
2194,12728,6.714949999
2195,12732,6.714949999
2196,12738,6.714949999
2197,12740,6.716049999
2198,12748,6.720449999
2199,12752,6.720449999
2200,12758,6.720449999
2201,12764,6.720674999
2202,12768,6.720824999
2203,12769,6.720862499
2204,12776,6.721124999
2205,12779,6.721237499
2206,12780,6.721274999
2207,12788,6.721574999
2208,12789,6.721612499
2209,12792,6.721724999
2210,12799,6.721987499
2211,12800,6.722024999
2212,12804,6.722174999
2213,12809,6.722362499
2214,12812,6.722474999
2215,12816,6.722624999
2216,12819,6.722624999
2217,12824,6.722812499
2218,12951,6.727574999
2219,12953,6.728825
2220,12954,6.729449999
2221,12963,6.735074999
2222,12966,6.736949999
2223,13125,6.836324999
2224,13130,6.839449999
2225,13131,6.840074999
2226,13161,6.858824999
2227,13166,6.858824999
2228,13167,6.858899999
2229,13169,6.859049999
2230,13217,6.860849999
2231,13219,6.860924999
2232,13224,6.864049999
2233,13229,6.867174999
2234,13238,6.872799999
2235,13239,6.873262499
2236,13241,6.874187499
2237,13248,6.877424999
2238,13249,6.878012499
2239,13253,6.880362499
2240,13257,6.882712499
2241,13289,6.901512499
2242,13293,6.901512499
2243,13295,6.902537499
2244,13305,6.907662499
2245,13330,6.920474999
2246,13335,6.923225
2247,13340,6.925974999
2248,13350,6.931474999
2249,13385,6.932787499
2250,13394,6.935937499
2251,13395,6.936287499
2252,13398,6.937337499
2253,13403,6.939462499
2254,13405,6.940312499
2255,13410,6.942437499
2256,13416,6.945737499
2257,13426,6.951237499
2258,13468,6.972762499
2259,13472,6.972762499
2260,13476,6.972762499
2261,13478,6.973862499
2262,13479,6.974412499
2263,13488,6.979362499
2264,13496,6.983762499
2265,13498,6.984862499
2266,13500,6.985787499
2267,13503,6.987174999
2268,13508,6.989487499
2269,13515,6.992462499
2270,13518,6.993849999
2271,13528,6.998474999
2272,13553,7.010037499
2273,13557,7.011887499
2274,13562,7.012074999
2275,13563,7.012112499
2276,13573,7.016362499
2277,13591,7.024687499
2278,13593,7.025612499
2279,13601,7.029712499
2280,13610,7.034324999
2281,13611,7.034837499
2282,13617,7.037912499
2283,13621,7.039962499
2284,13622,7.040474999
2285,13625,7.042012499
2286,13629,7.044062499
2287,13631,7.045087499
2288,13634,7.046624999
2289,13641,7.050212499
2290,13656,7.057899999
2291,13661,7.060462499
2292,13665,7.062512499
2293,13666,7.063024999
2294,13673,7.066612499
2295,13676,7.067999999
2296,13685,7.072162499
2297,13686,7.072624999
2298,13697,7.077712499
2299,13718,7.087424999
2300,13721,7.088812499
2301,13725,7.090662499
2302,13728,7.092049999
2303,13733,7.094362499
2304,13770,7.111474999
2305,13776,7.114249999
2306,13779,7.115637499
2307,13786,7.118874999
2308,13821,7.135062499
2309,13826,7.137374999
2310,13830,7.139224999
2311,13862,7.154024999
2312,13866,7.155874999
2313,13869,7.157262499
2314,13917,7.179462499
2315,13923,7.182237499
2316,13924,7.182699999
2317,13925,7.183162499
2318,13961,7.199812499
2319,13965,7.201662499
2320,13969,7.203512499
2321,13970,7.203974999
2322,14078,7.253924999
2323,14081,7.255312499
2324,14085,7.257162499
2325,14088,7.258549999
2326,14091,7.259937499
2327,14097,7.262712499
2328,14100,7.264099999
2329,14101,7.264562499
2330,14105,7.266412499
2331,14111,7.269187499
2332,14112,7.269649999
2333,14121,7.273812499
2334,14124,7.275199999
2335,14129,7.277512499
2336,14131,7.278437499
2337,14133,7.279362499
2338,14136,7.280749999
2339,14141,7.283062499
2340,14145,7.285262499
2341,14148,7.286912499
2342,14151,7.288562499
2343,14153,7.289662499
2344,14157,7.291862499
2345,14160,7.291974999
2346,14161,7.292487499
2347,14169,7.292487499
2348,14172,7.292487499
2349,14177,7.295237499
2350,14181,7.297437499
2351,14182,7.297987499
2352,14184,7.298062499
2353,14193,7.301549999
2354,14196,7.302712499
2355,14201,7.304837499
2356,14202,7.305149999
2357,14205,7.306087499
2358,14208,7.307137499
2359,14212,7.308537499
2360,14217,7.310287499
2361,14220,7.311674999
2362,14222,7.312599999
2363,14229,7.315837499
2364,14232,7.317224999
2365,14237,7.319162499